{
  "coeffs": [
    -1.9364578880031118e-07,
    0.00023670114921138177,
    0.9081147546512437,
    -16.891904682901146
  ],
  "raw_min": 31.0,
  "raw_max": 649.0,
  "meta": {
    "degree": 3,
    "n": 2213,
    "rmse_mm": 1.7075535004572706,
    "max_abs_resid_mm": 6.548027898235802,
    "fitted_from": [
      "white/1",
      "white/2",
      "white/3",
      "white/4",
      "white/5"
    ],
    "fit_max_speed_mm_s": 100.0,
    "surface": "white"
  }
}