{
  "coeffs": [
    -1.6034593037292074e-07,
    0.00019814086009082018,
    0.9241538894152864,
    -15.14787052151397
  ],
  "raw_min": 28.0,
  "raw_max": 645.5,
  "meta": {
    "degree": 3,
    "n": 2212,
    "rmse_mm": 1.8361226285252383,
    "max_abs_resid_mm": 6.967626480910866,
    "fitted_from": [
      "matte_black/1",
      "matte_black/2",
      "matte_black/3",
      "matte_black/4",
      "matte_black/5"
    ],
    "fit_max_speed_mm_s": 100.0,
    "surface": "matte_black"
  }
}