{
  "coeffs": [
    -1.4930993104944996e-07,
    0.00019020601524570853,
    0.9199493640774334,
    -13.360684721530284
  ],
  "raw_min": 26.5,
  "raw_max": 644.5,
  "meta": {
    "degree": 3,
    "n": 1325,
    "rmse_mm": 2.4354755916408353,
    "max_abs_resid_mm": 9.773900448715125,
    "fitted_from": [
      "white/1",
      "white/2",
      "white/3"
    ],
    "fit_max_speed_mm_s": 100.0,
    "surface": "white"
  }
}