{
  "coeffs": [
    -2.8417358366440556e-07,
    0.00032065559858971294,
    0.8841442099525157,
    1.8152273789131004
  ],
  "raw_min": 10.5,
  "raw_max": 628.5,
  "meta": {
    "degree": 3,
    "n": 1320,
    "rmse_mm": 2.6511205967016136,
    "max_abs_resid_mm": 10.427419891259717,
    "fitted_from": [
      "wood/1",
      "wood/2",
      "wood/3"
    ],
    "fit_max_speed_mm_s": 100.0,
    "surface": "wood"
  }
}