{
  "coeffs": [
    -1.9889514335580717e-07,
    0.0002464932452492451,
    0.9001589281319803,
    -20.69022952198686
  ],
  "raw_min": 34.5,
  "raw_max": 651.0,
  "meta": {
    "degree": 3,
    "n": 1297,
    "rmse_mm": 2.7065381728881297,
    "max_abs_resid_mm": 10.95673667142978,
    "fitted_from": [
      "white/1",
      "white/2",
      "white/3"
    ],
    "fit_max_speed_mm_s": 100.0,
    "surface": "white"
  }
}