{
  "coeffs": [
    -2.730757773161425e-07,
    0.00030966781800941705,
    0.8893299596330787,
    -3.7738621587425842
  ],
  "raw_min": 16.0,
  "raw_max": 636.0,
  "meta": {
    "degree": 3,
    "n": 2199,
    "rmse_mm": 1.8587566276100578,
    "max_abs_resid_mm": 7.062909740674144,
    "fitted_from": [
      "wood/1",
      "wood/2",
      "wood/3",
      "wood/4",
      "wood/5"
    ],
    "fit_max_speed_mm_s": 100.0,
    "surface": "wood"
  }
}