{
  "coeffs": [
    -1.4353715776924788e-07,
    0.00017245719312150104,
    0.9351019460775577,
    -16.94663005613053
  ],
  "raw_min": 29.0,
  "raw_max": 642.0,
  "meta": {
    "degree": 3,
    "n": 1311,
    "rmse_mm": 2.548264313162569,
    "max_abs_resid_mm": 10.155183624244316,
    "fitted_from": [
      "black_shiny/1",
      "black_shiny/2",
      "black_shiny/3"
    ],
    "fit_max_speed_mm_s": 100.0,
    "surface": "black_shiny"
  }
}