{
  "coeffs": [
    -1.329432198078686e-07,
    0.00017902956692678583,
    0.9228864195319004,
    -20.528606751229034
  ],
  "raw_min": 34.0,
  "raw_max": 645.0,
  "meta": {
    "degree": 3,
    "n": 425,
    "rmse_mm": 2.7227296221571753,
    "max_abs_resid_mm": 10.631847159096168,
    "fitted_from": [
      "matte_black/1"
    ],
    "fit_max_speed_mm_s": 100.0,
    "surface": "matte_black"
  }
}