{
  "coeffs": [
    -1.852556296920774e-07,
    0.00022085626157416493,
    0.912189205449252,
    -15.033298442557458
  ],
  "raw_min": 28.0,
  "raw_max": 643.0,
  "meta": {
    "degree": 3,
    "n": 1304,
    "rmse_mm": 2.774346301231432,
    "max_abs_resid_mm": 11.194346316598683,
    "fitted_from": [
      "wood/1",
      "wood/2",
      "wood/3"
    ],
    "fit_max_speed_mm_s": 100.0,
    "surface": "wood"
  }
}