{
  "type": "generic",
  "weights": [
    25.899526175578156,
    0.7571793147125426,
    0.0003875086927401264,
    -2.50701043102556e-07,
    -6.324561915560812,
    0.009545449926791197,
    0.2154416316563989,
    597.3167954684869,
    -0.3834570367620414,
    -97.48365916070637
  ],
  "raw_min": 15.7,
  "raw_max": 662.5,
  "ls_min": 3.2188758248682006,
  "ls_max": 12.3275577091062,
  "ls_default": 8.383547447757369,
  "g_max": 0.17126913059972704,
  "meta": {
    "n": 21242,
    "pools": [
      "black_cardboard",
      "black_shiny",
      "blue",
      "cardboard",
      "matte_black",
      "metal_sheet",
      "red_bubblewrap",
      "texture_towel",
      "white",
      "white_fabric",
      "white_foamwrapper",
      "wood"
    ],
    "rmse_mm": 5.514978970940381,
    "epoch_offset_mm": 9.7,
    "features": "raw, log(signal), tilt(8x8 plane fit)"
  }
}